"Name","Agent","State","Notes","User","Tags","Created","Runtime","Sweep","activations","fourier_features","method","mlp_type","n_domain","n_fourier_features","n_hidden","n_iters","net_type","num_domain","rank","seed","sigma","elapsed_time_s","final_loss","iterations_per_sec","l2_relative_error","mean_pde_residual"
"dark-sweep-256","","finished","-","","","2025-10-01T11:22:10.000Z","325","hnu0e21f","sin","true","","modified-mlp","200**2","256","3","30000","SPINN","22500","64","3","10","317.70645928382874","0.00004231908678775653","472.1339324926813","0.17332518766629232","0.09311317652463912"
"proud-sweep-255","","finished","-","","","2025-10-01T11:16:16.000Z","352","hnu0e21f","sin","true","","modified-mlp","200**2","256","3","30000","SPINN","22500","64","2","10","344.9958622455597","0.0000033058124699891778","434.7878233195552","0.016104493269611126","0.008586457930505276"
"kind-sweep-254","","finished","-","","","2025-10-01T11:10:38.000Z","336","hnu0e21f","sin","true","","modified-mlp","200**2","256","3","30000","SPINN","22500","64","1","10","327.83828616142273","0.000029637765692314133","457.5426554241509","0.132589985622809","0.08405552059412003"
"wobbly-sweep-253","","finished","-","","","2025-10-01T11:04:08.000Z","389","hnu0e21f","sin","true","","modified-mlp","200**2","256","3","30000","SPINN","22500","64","0","10","382.1131629943848","0.00001909891034301836","392.5538676148779","0.2307450511715256","0.12834694981575012"
"pretty-sweep-252","","finished","-","","","2025-10-01T10:57:53.000Z","369","hnu0e21f","sin","true","","modified-mlp","200**2","256","3","30000","SPINN","22500","32","3","10","361.9490296840668","0.0001304723264183849","414.42299246092745","0.14982686169225923","0.05285177752375603"
"worthy-sweep-251","","finished","-","","","2025-10-01T10:51:33.000Z","375","hnu0e21f","sin","true","","modified-mlp","200**2","256","3","30000","SPINN","22500","32","2","10","367.4988589286804","0.000014325768461276311","408.1645326390255","0.010604851967575988","0.008660973981022835"
"fragrant-sweep-250","","finished","-","","","2025-10-01T10:46:11.000Z","317","hnu0e21f","sin","true","","modified-mlp","200**2","256","3","30000","SPINN","22500","32","1","10","308.9742228984833","0.00010030492558144032","485.4773922330863","0.3882470616856464","0.5056322813034058"
"drawn-sweep-249","","finished","-","","","2025-10-01T10:40:38.000Z","327","hnu0e21f","sin","true","","modified-mlp","200**2","256","3","30000","SPINN","22500","32","0","10","319.47943806648254","0.00002509170735720545","469.5137843856653","0.08684917416424341","0.01572190783917904"
"upbeat-sweep-248","","finished","-","","","2025-10-01T10:36:20.000Z","252","hnu0e21f","sin","true","","modified-mlp","200**2","256","3","20000","SPINN","22500","64","3","10","245.184782743454","0.00006478597788373008","407.8556543398281","0.12309660187166394","0.06606442481279373"
"scarlet-sweep-247","","finished","-","","","2025-10-01T10:32:12.000Z","246","hnu0e21f","sin","true","","modified-mlp","200**2","256","3","20000","SPINN","22500","64","2","10","237.97333335876465","0.00003860408833133988","420.2151501119735","0.1359625789202862","0.05610904470086098"
"light-sweep-246","","finished","-","","","2025-10-01T10:27:48.000Z","257","hnu0e21f","sin","true","","modified-mlp","200**2","256","3","20000","SPINN","22500","64","1","10","248.77683687210083","0.00008296162559418008","401.9666833026389","0.04144700046805937","0.016162166371941566"
"zany-sweep-245","","finished","-","","","2025-10-01T10:23:09.000Z","274","hnu0e21f","sin","true","","modified-mlp","200**2","256","3","20000","SPINN","22500","64","0","10","266.1369023323059","0.000002723143097682623","375.7464640327752","0.005043693291924147","0.0013426782097667456"
"avid-sweep-244","","finished","-","","","2025-10-01T10:19:07.000Z","240","hnu0e21f","sin","true","","modified-mlp","200**2","256","3","20000","SPINN","22500","32","3","10","232.2563021183014","0.00003549884058884345","430.5588226797148","0.11898193154110136","0.05454121530056"
"graceful-sweep-243","","finished","-","","","2025-10-01T10:14:54.000Z","247","hnu0e21f","sin","true","","modified-mlp","200**2","256","3","20000","SPINN","22500","32","2","10","239.54841136932373","0.00018618242756929249","417.45215269169546","0.1990594896319414","0.09899327158927916"
"happy-sweep-242","","finished","-","","","2025-10-01T10:10:36.000Z","254","hnu0e21f","sin","true","","modified-mlp","200**2","256","3","20000","SPINN","22500","32","1","10","245.683438539505","0.00004550512312562205","407.027842798286","0.02268902201205864","0.01494408119469881"
"swift-sweep-241","","finished","-","","","2025-10-01T10:05:51.000Z","279","hnu0e21f","sin","true","","modified-mlp","200**2","256","3","20000","SPINN","22500","32","0","10","269.6185975074768","0.000024680703063495457","370.8942963299366","0.4602464340294516","0.1044706255197525"
"swift-sweep-240","","finished","-","","","2025-10-01T09:59:42.000Z","367","hnu0e21f","sin","true","","modified-mlp","200**2","128","3","30000","SPINN","22500","64","3","10","358.07944107055664","0.000012762037840730043","418.9014581556044","0.026249050061250303","0.007054304704070091"
"crisp-sweep-239","","finished","-","","","2025-10-01T09:53:33.000Z","364","hnu0e21f","sin","true","","modified-mlp","200**2","128","3","30000","SPINN","22500","64","2","10","355.5064227581024","0.000001233491502716788","421.93330527270007","0.0003720459347653834","0.001075310749001801"
"expert-sweep-238","","finished","-","","","2025-10-01T09:47:04.000Z","384","hnu0e21f","sin","true","","modified-mlp","200**2","128","3","30000","SPINN","22500","64","1","10","374.96043729782104","0.000002418495569145307","400.0422046682728","0.002882370285477846","0.0015815577935427427"
"good-sweep-237","","finished","-","","","2025-10-01T09:41:28.000Z","335","hnu0e21f","sin","true","","modified-mlp","200**2","128","3","30000","SPINN","22500","64","0","10","326.40602564811707","8.409182328250608e-7","459.5503398019616","0.0009882540004267893","0.001338680973276496"
"zesty-sweep-236","","finished","-","","","2025-10-01T09:35:52.000Z","334","hnu0e21f","sin","true","","modified-mlp","200**2","128","3","30000","SPINN","22500","32","3","10","325.38569259643555","0.0000019251615412940737","460.9913816525416","0.0014407582443825573","0.0026821568608283997"
"true-sweep-235","","finished","-","","","2025-10-01T09:29:41.000Z","368","hnu0e21f","sin","true","","modified-mlp","200**2","128","3","30000","SPINN","22500","32","2","10","359.5102028846741","0.0000020799855064979056","417.23433381421427","0.0033293987080175716","0.0018235406605526805"
"fluent-sweep-234","","finished","-","","","2025-10-01T09:23:36.000Z","358","hnu0e21f","sin","true","","modified-mlp","200**2","128","3","30000","SPINN","22500","32","1","10","349.5696976184845","0.000007182424724305747","429.0989780347263","0.02184182934378477","0.0116421515122056"
"skilled-sweep-233","","finished","-","","","2025-10-01T09:17:08.000Z","383","hnu0e21f","sin","true","","modified-mlp","200**2","128","3","30000","SPINN","22500","32","0","10","375.3142321109772","0.000008386715308006387","399.6650997120895","0.1214051739716564","0.0160412285476923"
"olive-sweep-232","","finished","-","","","2025-10-01T09:12:34.000Z","268","hnu0e21f","sin","true","","modified-mlp","200**2","128","3","20000","SPINN","22500","64","3","10","259.7334518432617","8.139671763274237e-7","385.01009126982154","0.0005190255552026866","0.000801724090706557"
"charmed-sweep-231","","finished","-","","","2025-10-01T09:08:00.000Z","269","hnu0e21f","sin","true","","modified-mlp","200**2","128","3","20000","SPINN","22500","64","2","10","259.22663164138794","0.00000510569861944532","385.76283372897893","0.0044921860469990995","0.0018762607360258696"
"dry-sweep-230","","finished","-","","","2025-10-01T09:03:42.000Z","252","hnu0e21f","sin","true","","modified-mlp","200**2","128","3","20000","SPINN","22500","64","1","10","242.44593119621277","0.0000021910518626100384","412.46309850038057","0.002642143216408707","0.0014369181590154767"
"mild-sweep-229","","finished","-","","","2025-10-01T08:59:40.000Z","236","hnu0e21f","sin","true","","modified-mlp","200**2","128","3","20000","SPINN","22500","64","0","10","228.3808171749115","0.00001900716597447172","437.865146630999","0.011241252436922224","0.004231295082718134"
"fiery-sweep-228","","finished","-","","","2025-10-01T08:55:32.000Z","246","hnu0e21f","sin","true","","modified-mlp","200**2","128","3","20000","SPINN","22500","32","3","10","236.9027602672577","0.0000013071087323623942","422.11411925798905","0.0002604046359794359","0.0010478654876351357"
"different-sweep-227","","finished","-","","","2025-10-01T08:51:14.000Z","254","hnu0e21f","sin","true","","modified-mlp","200**2","128","3","20000","SPINN","22500","32","2","10","246.3978977203369","0.000001836050955716928","405.84761852757606","0.002082577594036814","0.0011167824268341064"
"colorful-sweep-226","","finished","-","","","2025-10-01T08:46:45.000Z","263","hnu0e21f","sin","true","","modified-mlp","200**2","128","3","20000","SPINN","22500","32","1","10","254.63255548477173","0.0000019017255681319511","392.72276009491054","0.001043951517380764","0.0012971446849405766"
"playful-sweep-225","","finished","-","","","2025-10-01T08:42:33.000Z","250","hnu0e21f","sin","true","","modified-mlp","200**2","128","3","20000","SPINN","22500","32","0","10","242.5966022014618","0.000002124108959833393","412.2069274365024","0.0009392081856728592","0.0012847535545006394"
"grateful-sweep-224","","finished","-","","","2025-10-01T08:36:45.000Z","345","hnu0e21f","sin","true","","modified-mlp","150**2","256","3","30000","SPINN","22500","64","3","10","335.9503297805786","0.000006973029485379811","446.4945758439066","0.02968219486912532","0.015978967770934105"
"logical-sweep-223","","finished","-","","","2025-10-01T08:30:58.000Z","345","hnu0e21f","sin","true","","modified-mlp","150**2","256","3","30000","SPINN","22500","64","2","10","337.6184227466583","0.000011581658327486366","444.2885514945871","0.15326075468674738","0.054562151432037354"
"youthful-sweep-222","","finished","-","","","2025-10-01T08:25:22.000Z","330","hnu0e21f","sin","true","","modified-mlp","150**2","256","3","30000","SPINN","22500","64","1","10","322.329195022583","0.000005815100848849397","465.3627481354605","0.11327931910136715","0.1368597000837326"
"vibrant-sweep-221","","finished","-","","","2025-10-01T08:19:40.000Z","339","hnu0e21f","sin","true","","modified-mlp","150**2","256","3","30000","SPINN","22500","64","0","10","330.69039583206177","0.000009842098734225146","453.5964814538375","0.08927693904357221","0.03853021562099457"
"wobbly-sweep-220","","finished","-","","","2025-10-01T08:13:47.000Z","350","hnu0e21f","sin","true","","modified-mlp","150**2","256","3","30000","SPINN","22500","32","3","10","341.96623635292053","0.000019810069716186263","438.63979555336863","0.22195837324168805","0.19261352717876432"
"expert-sweep-219","","finished","-","","","2025-10-01T08:07:44.000Z","357","hnu0e21f","sin","true","","modified-mlp","150**2","256","3","30000","SPINN","22500","32","2","10","348.8997800350189","0.000014658142390544526","429.92288497557826","0.3775354416617283","0.2468818575143814"
"super-sweep-218","","finished","-","","","2025-10-01T08:01:27.000Z","372","hnu0e21f","sin","true","","modified-mlp","150**2","256","3","30000","SPINN","22500","32","1","10","364.2872109413147","0.000023679278456256725","411.7630141678634","0.26683369184595923","0.09163200855255128"
"tough-sweep-217","","finished","-","","","2025-10-01T07:55:30.000Z","352","hnu0e21f","sin","true","","modified-mlp","150**2","256","3","30000","SPINN","22500","32","0","10","343.4411244392395","0.00002953709008579608","436.7560822685855","0.18808249880746325","0.12282674759626389"
"gallant-sweep-216","","finished","-","","","2025-10-01T07:51:29.000Z","236","hnu0e21f","sin","true","","modified-mlp","150**2","256","3","20000","SPINN","22500","64","3","10","227.75941491127017","0.000051451912440825254","439.05978612984103","0.1041208843960503","0.03920332714915275"
"earthy-sweep-215","","finished","-","","","2025-10-01T07:47:33.000Z","233","hnu0e21f","sin","true","","modified-mlp","150**2","256","3","20000","SPINN","22500","64","2","10","225.10987377166748","0.000029548004022217356","444.2275157660635","0.3476204179229798","0.15699362754821777"
"silvery-sweep-214","","finished","-","","","2025-10-01T07:43:17.000Z","251","hnu0e21f","sin","true","","modified-mlp","150**2","256","3","20000","SPINN","22500","64","1","10","242.0386152267456","0.000026622063160175458","413.1572142169068","0.21248191571676356","0.07743950933218002"
"light-sweep-213","","finished","-","","","2025-10-01T07:39:08.000Z","244","hnu0e21f","sin","true","","modified-mlp","150**2","256","3","20000","SPINN","22500","64","0","10","236.73059058189392","0.000012241059266671073","422.421114880826","0.2344981261038009","0.06216663122177124"
"dulcet-sweep-212","","finished","-","","","2025-10-01T07:34:35.000Z","270","hnu0e21f","sin","true","","modified-mlp","150**2","256","3","20000","SPINN","22500","32","3","10","261.182580947876","0.000029504270059987903","382.87392534786585","0.01963010913098235","0.011931155808269978"
"autumn-sweep-211","","finished","-","","","2025-10-01T07:30:18.000Z","253","hnu0e21f","sin","true","","modified-mlp","150**2","256","3","20000","SPINN","22500","32","2","10","244.066401720047","0.000036506648029899225","409.72456386972766","0.029776644590994487","0.014432263560593128"
"curious-sweep-210","","finished","-","","","2025-10-01T07:25:37.000Z","259","hnu0e21f","sin","true","","modified-mlp","150**2","256","3","20000","SPINN","22500","32","1","10","250.9621753692627","0.0000014359452507051174","398.46642169427014","0.0003866935364599335","0.0009995796717703342"
"playful-sweep-209","","finished","-","","","2025-10-01T07:21:29.000Z","242","hnu0e21f","sin","true","","modified-mlp","150**2","256","3","20000","SPINN","22500","32","0","10","233.75861644744873","0.000001251490971299063","427.79171745517664","0.0010268368521027067","0.0009379799594171344"
"comic-sweep-208","","finished","-","","","2025-10-01T07:15:00.000Z","388","hnu0e21f","sin","true","","modified-mlp","150**2","128","3","30000","SPINN","22500","64","3","10","379.3946650028229","4.706254514985631e-7","395.3666559831144","0.0006817143601747746","0.0010920604690909386"
"lyric-sweep-207","","finished","-","","","2025-10-01T07:09:13.000Z","342","hnu0e21f","sin","true","","modified-mlp","150**2","128","3","30000","SPINN","22500","64","2","10","333.97320342063904","0.0000015735479337308789","449.1378304117264","0.03191131821732206","0.00452375179156661"
"snowy-sweep-206","","finished","-","","","2025-10-01T07:02:54.000Z","377","hnu0e21f","sin","true","","modified-mlp","150**2","128","3","30000","SPINN","22500","64","1","10","368.57752895355225","9.75238094724773e-7","406.97000825273545","0.000528489492446477","0.001935695298016071"
"rose-sweep-205","","finished","-","","","2025-10-01T06:56:20.000Z","392","hnu0e21f","sin","true","","modified-mlp","150**2","128","3","30000","SPINN","22500","64","0","10","385.02515411376953","0.00001051292292686412","389.584935938178","0.13315253957847742","0.03899454697966576"
"true-sweep-204","","finished","-","","","2025-10-01T06:49:35.000Z","401","hnu0e21f","sin","true","","modified-mlp","150**2","128","3","30000","SPINN","22500","32","3","10","392.67765760421753","0.0000015969427522577462","381.9927034177891","0.0010759688484043982","0.001392404199577868"
"dark-sweep-203","","finished","-","","","2025-10-01T06:42:56.000Z","394","hnu0e21f","sin","true","","modified-mlp","150**2","128","3","30000","SPINN","22500","32","2","10","385.79726910591125","8.067693784141738e-7","388.80524050267746","0.00048344428895260693","0.0012675353791564703"
"fresh-sweep-202","","finished","-","","","2025-10-01T06:36:49.000Z","365","hnu0e21f","sin","true","","modified-mlp","150**2","128","3","30000","SPINN","22500","32","1","10","356.78111696243286","0.000003324421868455829","420.4258377715494","0.005854816985757942","0.0046457392163574696"
"magic-sweep-201","","finished","-","","","2025-10-01T06:29:22.000Z","442","hnu0e21f","sin","true","","modified-mlp","150**2","128","3","30000","SPINN","22500","32","0","10","434.16386103630066","0.0000011631308325377177","345.4916759814296","0.0017085958993572489","0.0020207527559250593"
"soft-sweep-200","","finished","-","","","2025-10-01T06:24:59.000Z","257","hnu0e21f","sin","true","","modified-mlp","150**2","128","3","20000","SPINN","22500","64","3","10","249.21267938613892","0.000001446808369109931","401.2636927074504","0.0005850418517116449","0.0011672056280076504"
"pretty-sweep-199","","finished","-","","","2025-10-01T06:20:42.000Z","253","hnu0e21f","sin","true","","modified-mlp","150**2","128","3","20000","SPINN","22500","64","2","10","245.27068996429443","0.000018832990463124588","407.7128009651606","0.013257188916131476","0.0036108428612351418"
"hearty-sweep-198","","finished","-","","","2025-10-01T06:16:14.000Z","262","hnu0e21f","sin","true","","modified-mlp","150**2","128","3","20000","SPINN","22500","64","1","10","254.12722301483151","0.0000014321026355901267","393.5036900559203","0.0005073571687172629","0.0011412036838009951"
"valiant-sweep-197","","finished","-","","","2025-10-01T06:12:07.000Z","242","hnu0e21f","sin","true","","modified-mlp","150**2","128","3","20000","SPINN","22500","64","0","10","233.65058517456055","0.0000022575252387468936","427.989512310829","0.004310851581513978","0.001235514646396041"
"fallen-sweep-196","","finished","-","","","2025-10-01T06:07:34.000Z","267","hnu0e21f","sin","true","","modified-mlp","150**2","128","3","20000","SPINN","22500","32","3","10","258.74524903297424","0.000001428312771167839","386.4805262076758","0.0005952560631880151","0.0011193063110113144"
"gallant-sweep-195","","finished","-","","","2025-10-01T06:03:17.000Z","253","hnu0e21f","sin","true","","modified-mlp","150**2","128","3","20000","SPINN","22500","32","2","10","245.01613855361936","0.000001741429855428578","408.1363806903518","0.0007338008373646192","0.0010734156239777803"
"sage-sweep-194","","finished","-","","","2025-10-01T05:58:39.000Z","274","hnu0e21f","sin","true","","modified-mlp","150**2","128","3","20000","SPINN","22500","32","1","10","265.9708046913147","0.000002712734840315534","375.9811161080625","0.003855864855393703","0.0013395686401054263"
"woven-sweep-193","","finished","-","","","2025-10-01T05:54:01.000Z","275","hnu0e21f","sin","true","","modified-mlp","150**2","128","3","20000","SPINN","22500","32","0","10","265.84797501564026","0.000006706223302899161","376.1548305723105","0.01172570167931244","0.0027578205335885286"
"visionary-sweep-192","","finished","-","","","2025-10-01T05:49:18.000Z","279","hnu0e21f","sin","true","","mlp","200**2","256","3","30000","SPINN","22500","64","3","10","270.9004328250885","0.0000034720073927019257","553.7089713579383","0.0023124078918483797","0.001478310092352331"
"colorful-sweep-191","","finished","-","","","2025-10-01T05:44:56.000Z","257","hnu0e21f","sin","true","","mlp","200**2","256","3","30000","SPINN","22500","64","2","10","249.8443319797516","0.000003781463647101191","600.3738360258524","0.002146938146304761","0.0024666825775057077"
"prime-sweep-190","","finished","-","","","2025-10-01T05:40:54.000Z","238","hnu0e21f","sin","true","","mlp","200**2","256","3","30000","SPINN","22500","64","1","10","230.27283024787903","0.000005100390808365773","651.4012088987281","0.0007381189658512797","0.0017827319679781797"
"vocal-sweep-189","","finished","-","","","2025-10-01T05:36:53.000Z","240","hnu0e21f","sin","true","","mlp","200**2","256","3","30000","SPINN","22500","64","0","10","232.11382150650024","0.000004062965672346763","646.2346749816418","0.004341734032809708","0.0016376868588849902"
"fearless-sweep-188","","finished","-","","","2025-10-01T05:32:20.000Z","270","hnu0e21f","sin","true","","mlp","200**2","256","3","30000","SPINN","22500","32","3","10","262.0337975025177","7.535908821409976e-7","572.4452396205064","0.0005580703327374615","0.0006468775682151318"
"tough-sweep-187","","finished","-","","","2025-10-01T05:27:42.000Z","273","hnu0e21f","sin","true","","mlp","200**2","256","3","30000","SPINN","22500","32","2","10","265.2432813644409","0.000001741663027132745","565.518565553794","0.0008857611788934855","0.0010484158992767334"
"woven-sweep-186","","finished","-","","","2025-10-01T05:23:25.000Z","254","hnu0e21f","sin","true","","mlp","200**2","256","3","30000","SPINN","22500","32","1","10","247.44539284706116","0.0000030901803711458342","606.194353728423","0.0011881208080337191","0.0013393963454291224"
"iconic-sweep-185","","finished","-","","","2025-10-01T05:18:57.000Z","266","hnu0e21f","sin","true","","mlp","200**2","256","3","30000","SPINN","22500","32","0","10","258.9840798377991","0.000005331271495379042","579.1861804553567","0.004755151960245255","0.001728373346850276"
"confused-sweep-184","","finished","-","","","2025-10-01T05:15:48.000Z","187","hnu0e21f","sin","true","","mlp","200**2","256","3","20000","SPINN","22500","64","3","10","179.876371383667","0.0000034559482173790457","555.9373876111008","0.00585749805596488","0.0013800094602629542"
"bumbling-sweep-183","","finished","-","","","2025-10-01T05:12:39.000Z","187","hnu0e21f","sin","true","","mlp","200**2","256","3","20000","SPINN","22500","64","2","10","179.54869675636292","0.0000018341938812227456","556.9519679426811","0.003772391936323394","0.0010079152416437864"
"deft-sweep-182","","finished","-","","","2025-10-01T05:09:40.000Z","177","hnu0e21f","sin","true","","mlp","200**2","256","3","20000","SPINN","22500","64","1","10","169.42062330245972","0.000003789900347328512","590.246913573645","0.004440532216325811","0.0014881547540426254"
"devoted-sweep-181","","finished","-","","","2025-10-01T05:06:20.000Z","199","hnu0e21f","sin","true","","mlp","200**2","256","3","20000","SPINN","22500","64","0","10","191.08810925483704","0.000005635229626932414","523.3187998455675","0.0022119462268916845","0.0018596072914078832"
"wobbly-sweep-180","","finished","-","","","2025-10-01T05:03:01.000Z","196","hnu0e21f","sin","true","","mlp","200**2","256","3","20000","SPINN","22500","32","3","10","188.9840738773346","0.000010562972420302684","529.1451176193175","0.010236497111046784","0.002659372054040432"
"summer-sweep-179","","finished","-","","","2025-10-01T04:59:36.000Z","203","hnu0e21f","sin","true","","mlp","200**2","256","3","20000","SPINN","22500","32","2","10","195.50134301185608","0.000019971950678154823","511.5054375556671","0.0018628607604050417","0.003390864236280322"
"stellar-sweep-178","","finished","-","","","2025-10-01T04:56:33.000Z","177","hnu0e21f","sin","true","","mlp","200**2","256","3","20000","SPINN","22500","32","1","10","170.1589937210083","0.0000018738743392532344","587.6856568860499","0.002876448699461336","0.0010052068391814828"
"genial-sweep-177","","finished","-","","","2025-10-01T04:53:18.000Z","189","hnu0e21f","sin","true","","mlp","200**2","256","3","20000","SPINN","22500","32","0","10","180.9875771999359","0.000004752693712362088","552.5241099256806","0.006018881739878237","0.0016495148884132504"
"peach-sweep-176","","finished","-","","","2025-10-01T04:49:01.000Z","254","hnu0e21f","sin","true","","mlp","200**2","128","3","30000","SPINN","22500","64","3","10","245.3297176361084","0.0000021237419787212275","611.4220545530948","0.0025066281213975113","0.0011077808449044824"
"mild-sweep-175","","finished","-","","","2025-10-01T04:44:24.000Z","273","hnu0e21f","sin","true","","mlp","200**2","128","3","30000","SPINN","22500","64","2","10","266.2057445049286","0.0000026006648567999946","563.4739411013081","0.001901443663075231","0.0012882562587037685"
"solar-sweep-174","","finished","-","","","2025-10-01T04:39:30.000Z","289","hnu0e21f","sin","true","","mlp","200**2","128","3","30000","SPINN","22500","64","1","10","281.3913013935089","0.0000017352584791296977","533.0655185756221","0.00183254474801496","0.000997906317934394"
"dashing-sweep-173","","finished","-","","","2025-10-01T04:34:58.000Z","269","hnu0e21f","sin","true","","mlp","200**2","128","3","30000","SPINN","22500","64","0","10","261.19139671325684","0.00000408155983677716","574.2915038073561","0.0025253362618631848","0.0015148173552006483"
"dazzling-sweep-172","","finished","-","","","2025-10-01T04:30:36.000Z","257","hnu0e21f","sin","true","","mlp","200**2","128","3","30000","SPINN","22500","32","3","10","249.22258257865903","0.000004375532625999767","601.871621937219","0.003200777164690638","0.001553327077999711"
"silvery-sweep-171","","finished","-","","","2025-10-01T04:26:04.000Z","268","hnu0e21f","sin","true","","mlp","200**2","128","3","30000","SPINN","22500","32","2","10","261.0184905529022","0.0000017936891936187749","574.6719310278081","0.000930369095473628","0.001021071104332805"
"crimson-sweep-170","","finished","-","","","2025-10-01T04:21:00.000Z","300","hnu0e21f","sin","true","","mlp","200**2","128","3","30000","SPINN","22500","32","1","10","292.17280173301697","0.000002546135647207848","513.3948098874299","0.003126399368761491","0.0012069513322785497"
"happy-sweep-169","","finished","-","","","2025-10-01T04:15:51.000Z","303","hnu0e21f","sin","true","","mlp","200**2","128","3","30000","SPINN","22500","32","0","10","296.04184675216675","0.00000164683558523393","506.685124571505","0.0017422602080626362","0.000989566557109356"
"amber-sweep-168","","finished","-","","","2025-10-01T04:12:32.000Z","196","hnu0e21f","sin","true","","mlp","200**2","128","3","20000","SPINN","22500","64","3","10","189.20226621627808","0.0000065069207266788","528.53489548423","0.00747377782129045","0.001922605908475816"
"vibrant-sweep-167","","finished","-","","","2025-10-01T04:09:44.000Z","162","hnu0e21f","sin","true","","mlp","200**2","128","3","20000","SPINN","22500","64","2","10","154.71279430389404","0.0000017939865983862546","646.3589546678044","0.0011356339309837107","0.0010216018417850137"
"earnest-sweep-166","","finished","-","","","2025-10-01T04:06:19.000Z","203","hnu0e21f","sin","true","","mlp","200**2","128","3","20000","SPINN","22500","64","1","10","194.67716217041016","0.0000038650864553346764","513.670935435484","0.0011786319545969584","0.0014771856367588043"
"celestial-sweep-165","","finished","-","","","2025-10-01T04:03:16.000Z","181","hnu0e21f","sin","true","","mlp","200**2","128","3","20000","SPINN","22500","64","0","10","174.27325582504272","0.000002964423856610665","573.8115095548137","0.002654472621718424","0.0012639211490750313"
"zany-sweep-164","","finished","-","","","2025-10-01T04:00:18.000Z","175","hnu0e21f","sin","true","","mlp","200**2","128","3","20000","SPINN","22500","32","3","10","167.91676926612854","0.000004341216936154524","595.5331348801241","0.006152181377496868","0.0015697722556069491"
"sparkling-sweep-163","","finished","-","","","2025-10-01T03:57:15.000Z","181","hnu0e21f","sin","true","","mlp","200**2","128","3","20000","SPINN","22500","32","2","10","174.29475951194763","0.000003955702140956419","573.7407153262411","0.0017325589367909568","0.0014851255109533668"
"stellar-sweep-162","","finished","-","","","2025-10-01T03:54:12.000Z","180","hnu0e21f","sin","true","","mlp","200**2","128","3","20000","SPINN","22500","32","1","10","172.4585826396942","0.0000052091627367190085","579.8493671313714","0.007703772695797877","0.0016970881260931492"
"honest-sweep-161","","finished","-","","","2025-10-01T03:50:58.000Z","188","hnu0e21f","sin","true","","mlp","200**2","128","3","20000","SPINN","22500","32","0","10","180.60862183570865","0.000004871233613812365","553.6834232142329","0.001620484300283189","0.001649888581596315"
"apricot-sweep-160","","finished","-","","","2025-10-01T03:46:41.000Z","251","hnu0e21f","sin","true","","mlp","150**2","256","3","30000","SPINN","22500","64","3","10","243.4014060497284","0.000003526805585352122","616.26595521537","0.0026062129260037785","0.0016263510333374145"
"fiery-sweep-159","","finished","-","","","2025-10-01T03:42:40.000Z","238","hnu0e21f","sin","true","","mlp","150**2","256","3","30000","SPINN","22500","64","2","10","229.75113534927368","0.000006644734639849048","652.8803427759609","0.010838080496596288","0.002300774212926626"
"expert-sweep-158","","finished","-","","","2025-10-01T03:38:19.000Z","258","hnu0e21f","sin","true","","mlp","150**2","256","3","30000","SPINN","22500","64","1","10","250.04993796348572","0.000008293341124954168","599.880172823335","0.003000627629259168","0.0022947548422962427"
"feasible-sweep-157","","finished","-","","","2025-10-01T03:33:41.000Z","275","hnu0e21f","sin","true","","mlp","150**2","256","3","30000","SPINN","22500","64","0","10","267.3424656391144","0.000005071598479844397","561.0780900124001","0.002192579721798951","0.001918688300065696"
"vivid-sweep-156","","finished","-","","","2025-10-01T03:28:58.000Z","282","hnu0e21f","sin","true","","mlp","150**2","256","3","30000","SPINN","22500","32","3","10","273.67714643478394","0.0000026883142254519043","548.0910699123514","0.0029689424212744724","0.0012925096089020371"
"soft-sweep-155","","finished","-","","","2025-10-01T03:24:10.000Z","285","hnu0e21f","sin","true","","mlp","150**2","256","3","30000","SPINN","22500","32","2","10","276.35250997543335","0.0000028713532174151624","542.7850103960858","0.002469988243694994","0.0013594402698799968"
"sleek-sweep-154","","finished","-","","","2025-10-01T03:19:49.000Z","260","hnu0e21f","sin","true","","mlp","150**2","256","3","30000","SPINN","22500","32","1","10","253.13027834892273","0.0000015484927189390874","592.5802356730919","0.0018453364062464056","0.0009877263801172376"
"curious-sweep-153","","finished","-","","","2025-10-01T03:14:30.000Z","317","hnu0e21f","sin","true","","mlp","150**2","256","3","30000","SPINN","22500","32","0","10","310.4593737125397","0.0000013273474905872715","483.1550041677527","0.0013160661778451137","0.001007051905617118"
"lilac-sweep-152","","finished","-","","","2025-10-01T03:11:00.000Z","209","hnu0e21f","sin","true","","mlp","150**2","256","3","20000","SPINN","22500","64","3","10","200.5097997188568","0.0000025553958948876243","498.7287411399053","0.0021299522801609024","0.0012314886553213"
"kind-sweep-151","","finished","-","","","2025-10-01T03:07:47.000Z","190","hnu0e21f","sin","true","","mlp","150**2","256","3","20000","SPINN","22500","64","2","10","183.09486389160156","0.0000048845317905943375","546.1649653875787","0.007597466456092551","0.002329898066818714"
"avid-sweep-150","","finished","-","","","2025-10-01T03:04:38.000Z","186","hnu0e21f","sin","true","","mlp","150**2","256","3","20000","SPINN","22500","64","1","10","179.2743000984192","0.000005308965228323359","557.8044368049483","0.0010375678890349586","0.0017083354759961369"
"earthy-sweep-149","","finished","-","","","2025-10-01T03:01:40.000Z","172","hnu0e21f","sin","true","","mlp","150**2","256","3","20000","SPINN","22500","64","0","10","164.40380239486694","0.000005651230821968056","608.2584377204297","0.0026296540555730535","0.002822375623509288"
"daily-sweep-148","","finished","-","","","2025-10-01T02:58:42.000Z","175","hnu0e21f","sin","true","","mlp","150**2","256","3","20000","SPINN","22500","32","3","10","166.69913148880005","0.000008054173122218344","599.8831494015232","0.0048280970337104745","0.002227172488346696"
"rural-sweep-147","","finished","-","","","2025-10-01T02:55:45.000Z","176","hnu0e21f","sin","true","","mlp","150**2","256","3","20000","SPINN","22500","32","2","10","168.33192801475525","0.0000019918916223105043","594.064365443699","0.0022197247602625822","0.0010664418805390596"
"still-sweep-146","","finished","-","","","2025-10-01T02:52:37.000Z","185","hnu0e21f","sin","true","","mlp","150**2","256","3","20000","SPINN","22500","32","1","10","178.6613326072693","0.000005735415925300913","559.7182028179457","0.0052196520911385715","0.0018633032450452447"
"bumbling-sweep-145","","finished","-","","","2025-10-01T02:49:39.000Z","176","hnu0e21f","sin","true","","mlp","150**2","256","3","20000","SPINN","22500","32","0","10","168.24446725845337","0.00001117656211135909","594.3731858140824","0.006342073401383737","0.002451771637424826"
"still-sweep-144","","finished","-","","","2025-10-01T02:45:18.000Z","255","hnu0e21f","sin","true","","mlp","150**2","128","3","30000","SPINN","22500","64","3","10","247.24564504623413","0.0000014802585610595995","606.6840933515755","0.0008828032367564591","0.000908786547370255"
"clear-sweep-143","","finished","-","","","2025-10-01T02:41:17.000Z","235","hnu0e21f","sin","true","","mlp","150**2","128","3","30000","SPINN","22500","64","2","10","227.80945992469788","0.0000022599331259698374","658.4450007018247","0.0015015125728015772","0.001125643029808998"
"northern-sweep-142","","finished","-","","","2025-10-01T02:37:22.000Z","233","hnu0e21f","sin","true","","mlp","150**2","128","3","30000","SPINN","22500","64","1","10","225.41466164588928","0.000002000964741455391","665.4402996892879","0.0019436130529278577","0.001054281136021018"
"effortless-sweep-141","","finished","-","","","2025-10-01T02:33:06.000Z","252","hnu0e21f","sin","true","","mlp","150**2","128","3","30000","SPINN","22500","64","0","10","243.45543718338013","0.0000020426371065696003","616.12918460726","0.001683533973183093","0.0010662967106327417"
"dazzling-sweep-140","","finished","-","","","2025-10-01T02:28:30.000Z","272","hnu0e21f","sin","true","","mlp","150**2","128","3","30000","SPINN","22500","32","3","10","264.98277163505554","0.0000013520002539735287","566.0745378819788","0.0018301919525185277","0.0008814961765892804"
"swift-sweep-139","","finished","-","","","2025-10-01T02:24:13.000Z","255","hnu0e21f","sin","true","","mlp","150**2","128","3","30000","SPINN","22500","32","2","10","246.68813824653623","0.0000031428860438609263","608.0551787621517","0.004237366996507337","0.0013351511443033814"
"jumping-sweep-138","","finished","-","","","2025-10-01T02:20:02.000Z","249","hnu0e21f","sin","true","","mlp","150**2","128","3","30000","SPINN","22500","32","1","10","240.57635807991028","0.000002299910420333618","623.5026633422381","0.0022885830544109816","0.001164606772363186"
"bright-sweep-137","","finished","-","","","2025-10-01T02:16:02.000Z","236","hnu0e21f","sin","true","","mlp","150**2","128","3","30000","SPINN","22500","32","0","10","228.13462615013125","0.0000012155421700299485","657.5065018901942","0.0005059931665819874","0.0008303061476908624"
"desert-sweep-136","","finished","-","","","2025-10-01T02:13:16.000Z","165","hnu0e21f","sin","true","","mlp","150**2","128","3","20000","SPINN","22500","64","3","10","158.0474579334259","0.000002574265636212658","632.7213440036653","0.005155710906419901","0.001195793622173369"
"vague-sweep-135","","finished","-","","","2025-10-01T02:10:13.000Z","180","hnu0e21f","sin","true","","mlp","150**2","128","3","20000","SPINN","22500","64","2","10","171.37084460258484","0.000005451983724924503","583.5298310625918","0.00510770884028681","0.001705892151221633"
"balmy-sweep-134","","finished","-","","","2025-10-01T02:07:11.000Z","178","hnu0e21f","sin","true","","mlp","150**2","128","3","20000","SPINN","22500","64","1","10","169.7129352092743","0.0000023040056476020254","589.230278037966","0.004120440241903088","0.001123002148233354"
"amber-sweep-133","","finished","-","","","2025-10-01T02:04:20.000Z","169","hnu0e21f","sin","true","","mlp","150**2","128","3","20000","SPINN","22500","64","0","10","161.53852200508118","0.0000026575503397907596","619.0473873275535","0.002881665226294767","0.0012232573935762048"
"playful-sweep-132","","finished","-","","","2025-10-01T02:00:44.000Z","212","hnu0e21f","sin","true","","mlp","150**2","128","3","20000","SPINN","22500","32","3","10","203.8894679546356","0.000004567057658277918","490.46182229603687","0.006465257399718523","0.0015974126290529966"
"fast-sweep-131","","finished","-","","","2025-10-01T01:57:26.000Z","197","hnu0e21f","sin","true","","mlp","150**2","128","3","20000","SPINN","22500","32","2","10","189.0718688964844","0.000007685889613640029","528.8994104921518","0.008749095083930339","0.002102036029100418"
"ruby-sweep-130","","finished","-","","","2025-10-01T01:54:33.000Z","168","hnu0e21f","sin","true","","mlp","150**2","128","3","20000","SPINN","22500","32","1","10","160.7413511276245","0.000003624322062023566","622.1174532781087","0.00621985481203105","0.0014224653132259846"
"dry-sweep-129","","finished","-","","","2025-10-01T01:51:25.000Z","185","hnu0e21f","sin","true","","mlp","150**2","128","3","20000","SPINN","22500","32","0","10","177.58172702789307","0.0000039586066122865304","563.1210016574106","0.0048984505560022065","0.0014806062681600451"
"glowing-sweep-128","","finished","-","","","2025-10-01T01:45:35.000Z","349","hnu0e21f","tanh","true","","modified-mlp","200**2","256","3","30000","SPINN","22500","64","3","10","340.6648154258728","0.000008187421371985693","440.31550429556864","0.2522529239225301","0.090750053524971"
"lunar-sweep-127","","finished","-","","","2025-10-01T01:40:00.000Z","333","hnu0e21f","tanh","true","","modified-mlp","200**2","256","3","30000","SPINN","22500","64","2","10","325.2098808288574","0.00001840800905483775","461.2405982797857","0.2192146361216886","0.08328796923160553"
"jolly-sweep-126","","finished","-","","","2025-10-01T01:33:50.000Z","366","hnu0e21f","tanh","true","","modified-mlp","200**2","256","3","30000","SPINN","22500","64","1","10","358.8636221885681","0.000024804476197459735","417.98608364149305","0.2072338206417744","0.0806577280163765"
"tough-sweep-125","","finished","-","","","2025-10-01T01:28:10.000Z","334","hnu0e21f","tanh","true","","modified-mlp","200**2","256","3","30000","SPINN","22500","64","0","10","325.5081350803375","0.0000623385640210472","460.8179760637289","0.148403462149503","0.048024728894233704"
"rural-sweep-124","","finished","-","","","2025-10-01T01:22:42.000Z","325","hnu0e21f","tanh","true","","modified-mlp","200**2","256","3","30000","SPINN","22500","32","3","10","316.62772488594055","0.00006315889186225832","473.74246855367704","0.2528352277442917","0.11586958914995192"
"revived-sweep-123","","finished","-","","","2025-10-01T01:17:08.000Z","328","hnu0e21f","tanh","true","","modified-mlp","200**2","256","3","30000","SPINN","22500","32","2","10","320.24599385261536","0.00001751910531311296","468.3899342360969","0.0542622492280987","0.018647722899913788"
"polished-sweep-122","","finished","-","","","2025-10-01T01:11:24.000Z","340","hnu0e21f","tanh","true","","modified-mlp","200**2","256","3","30000","SPINN","22500","32","1","10","332.27594923973083","0.00004549080040305853","451.4320110835883","0.31347117298210236","0.17467918992042542"
"hopeful-sweep-121","","finished","-","","","2025-10-01T01:05:40.000Z","339","hnu0e21f","tanh","true","","modified-mlp","200**2","256","3","30000","SPINN","22500","32","0","10","330.43881011009216","0.000020700148525065742","453.9418355550444","0.16357211737344948","0.12690915167331696"
"icy-sweep-120","","finished","-","","","2025-10-01T01:01:25.000Z","253","hnu0e21f","tanh","true","","modified-mlp","200**2","256","3","20000","SPINN","22500","64","3","10","245.22230172157288","0.000032158379326574504","407.7932524813371","0.25465951142135","0.17431479692459106"
"curious-sweep-119","","finished","-","","","2025-10-01T00:57:15.000Z","244","hnu0e21f","tanh","true","","modified-mlp","200**2","256","3","20000","SPINN","22500","64","2","10","236.44514727592468","0.00003527064109221101","422.9310736637909","0.10496663384383122","0.033257145434617996"
"dulcet-sweep-118","","finished","-","","","2025-10-01T00:52:55.000Z","256","hnu0e21f","tanh","true","","modified-mlp","200**2","256","3","20000","SPINN","22500","64","1","10","246.6311161518097","0.00007319534051930532","405.46384235818266","0.21439853440231907","0.12857133150100708"
"tough-sweep-117","","finished","-","","","2025-10-01T00:48:48.000Z","244","hnu0e21f","tanh","true","","modified-mlp","200**2","256","3","20000","SPINN","22500","64","0","10","235.1495685577393","0.00003322702104924247","425.2612522886502","0.1541003381927872","0.06810922920703888"
"twilight-sweep-116","","finished","-","","","2025-10-01T00:44:26.000Z","259","hnu0e21f","tanh","true","","modified-mlp","200**2","256","3","20000","SPINN","22500","32","3","10","250.36481738090515","0.000020157887774985284","399.41714273639315","0.17219673546039355","0.11932511627674104"
"logical-sweep-115","","finished","-","","","2025-10-01T00:40:04.000Z","258","hnu0e21f","tanh","true","","modified-mlp","200**2","256","3","20000","SPINN","22500","32","2","10","249.8710377216339","0.000001069382619789394","400.20644614044426","0.00034724745592065753","0.0009117541485466064"
"winter-sweep-114","","finished","-","","","2025-10-01T00:35:32.000Z","270","hnu0e21f","tanh","true","","modified-mlp","200**2","256","3","20000","SPINN","22500","32","1","10","262.0381987094879","0.0000032142870622919872","381.62374986734784","0.004848293454032148","0.001565269660204649"
"radiant-sweep-113","","finished","-","","","2025-10-01T00:30:54.000Z","272","hnu0e21f","tanh","true","","modified-mlp","200**2","256","3","20000","SPINN","22500","32","0","10","263.6284682750702","0.0000014573957969332696","379.3217047244682","0.00207844210279392","0.0013253099750727415"
"comfy-sweep-112","","finished","-","","","2025-10-01T00:24:34.000Z","374","hnu0e21f","tanh","true","","modified-mlp","200**2","128","3","30000","SPINN","22500","64","3","10","366.25429940223694","0.000013503539776138496","409.551506275325","0.01852003249463225","0.0035366492811590433"
"light-sweep-111","","finished","-","","","2025-10-01T00:18:19.000Z","370","hnu0e21f","tanh","true","","modified-mlp","200**2","128","3","30000","SPINN","22500","64","2","10","361.9328510761261","0.000007885153536335565","414.44151740857086","0.0023143826812144367","0.0035757615696638823"
"logical-sweep-110","","finished","-","","","2025-10-01T00:12:09.000Z","366","hnu0e21f","tanh","true","","modified-mlp","200**2","128","3","30000","SPINN","22500","64","1","10","357.87962675094604","0.0000016741573745093774","419.1353426899243","0.0005136799297956546","0.0012517853174358606"
"dazzling-sweep-109","","finished","-","","","2025-10-01T00:05:54.000Z","370","hnu0e21f","tanh","true","","modified-mlp","200**2","128","3","30000","SPINN","22500","64","0","10","362.1174693107605","0.0000026901088858721778","414.2302228210747","0.004313742516662378","0.0017593507654964924"
"peach-sweep-108","","finished","-","","","2025-09-30T23:59:54.000Z","357","hnu0e21f","tanh","true","","modified-mlp","200**2","128","3","30000","SPINN","22500","32","3","10","349.12209272384644","0.000009682767085905652","429.6491202538968","0.02924560603772537","0.006486560683697462"
"confused-sweep-107","","finished","-","","","2025-09-30T23:53:54.000Z","358","hnu0e21f","tanh","true","","modified-mlp","200**2","128","3","30000","SPINN","22500","32","2","10","349.24366188049316","8.747425681576715e-7","429.4995625470453","0.0007619120380094152","0.0014511781046167016"
"classic-sweep-106","","finished","-","","","2025-09-30T23:47:54.000Z","357","hnu0e21f","tanh","true","","modified-mlp","200**2","128","3","30000","SPINN","22500","32","1","10","349.0544321537018","0.000009303581464337183","429.7324032658304","0.00101286447955875","0.004273589700460434"
"dazzling-sweep-105","","finished","-","","","2025-09-30T23:41:18.000Z","393","hnu0e21f","tanh","true","","modified-mlp","200**2","128","3","30000","SPINN","22500","32","0","10","385.5016660690307","0.000003859010575979482","389.10337672351307","0.0037082865609791528","0.003573648864403367"
"prime-sweep-104","","finished","-","","","2025-09-30T23:36:56.000Z","261","hnu0e21f","tanh","true","","modified-mlp","200**2","128","3","20000","SPINN","22500","64","3","10","252.6027672290802","0.000007069101229717489","395.8784818430436","0.007510345715932517","0.0033112275414168835"
"hardy-sweep-103","","finished","-","","","2025-09-30T23:32:23.000Z","271","hnu0e21f","tanh","true","","modified-mlp","200**2","128","3","20000","SPINN","22500","64","2","10","262.5556960105896","0.00001182977757707704","380.8715694210904","0.020020255002690477","0.004039444960653782"
"treasured-sweep-102","","finished","-","","","2025-09-30T23:27:46.000Z","274","hnu0e21f","tanh","true","","modified-mlp","200**2","128","3","20000","SPINN","22500","64","1","10","266.29703521728516","0.0000026636657821654808","375.5205157218704","0.003718130061432975","0.001594104920513928"
"unique-sweep-101","","finished","-","","","2025-09-30T23:23:08.000Z","273","hnu0e21f","tanh","true","","modified-mlp","200**2","128","3","20000","SPINN","22500","64","0","10","265.0754544734955","6.82643019445095e-7","377.2510744105839","0.00047476731318145296","0.0009094765409827232"
"flowing-sweep-100","","finished","-","","","2025-09-30T23:18:45.000Z","245","hnu0e21f","tanh","true","","modified-mlp","200**2","128","3","20000","SPINN","22500","32","3","10","236.28509306907657","0.000003128946445940528","423.2175576593213","0.004198653528375384","0.001618049805983901"
"denim-sweep-99","","finished","-","","","2025-09-30T23:14:33.000Z","251","hnu0e21f","tanh","true","","modified-mlp","200**2","128","3","20000","SPINN","22500","32","2","10","242.0289912223816","0.000005127624717715662","413.1736429381627","0.002832387655746493","0.0017674814444035292"
"different-sweep-98","","finished","-","","","2025-09-30T23:10:31.000Z","240","hnu0e21f","tanh","true","","modified-mlp","200**2","128","3","20000","SPINN","22500","32","1","10","231.0140471458435","0.0000014593066453016943","432.8741097586508","0.001374733903296411","0.001107497257180512"
"good-sweep-97","","finished","-","","","2025-09-30T23:06:35.000Z","234","hnu0e21f","tanh","true","","modified-mlp","200**2","128","3","20000","SPINN","22500","32","0","10","225.19324445724487","0.0000020157397102593677","444.06305456017344","0.0011613428953260346","0.0011792420409619808"
"lemon-sweep-96","","finished","-","","","2025-09-30T23:00:30.000Z","360","hnu0e21f","tanh","true","","modified-mlp","150**2","256","3","30000","SPINN","22500","64","3","10","351.76555371284485","0.000023419801436830312","426.4203769151564","0.16608859697581216","0.05238044261932373"
"breezy-sweep-95","","finished","-","","","2025-09-30T22:54:15.000Z","370","hnu0e21f","tanh","true","","modified-mlp","150**2","256","3","30000","SPINN","22500","64","2","10","361.6293799877167","0.000009923820471158251","414.789307232435","0.17038761402790767","0.10354065150022508"
"misty-sweep-94","","finished","-","","","2025-09-30T22:48:20.000Z","353","hnu0e21f","tanh","true","","modified-mlp","150**2","256","3","30000","SPINN","22500","64","1","10","344.3942334651947","0.000006379582373483572","435.54736236650535","0.08387158465955936","0.01761113479733467"
"exalted-sweep-93","","finished","-","","","2025-09-30T22:42:31.000Z","344","hnu0e21f","tanh","true","","modified-mlp","150**2","256","3","30000","SPINN","22500","64","0","10","335.9119002819061","0.000020197958292555995","446.5456563882257","0.1872021127363019","0.03714447095990181"
"dry-sweep-92","","finished","-","","","2025-09-30T22:36:26.000Z","363","hnu0e21f","tanh","true","","modified-mlp","150**2","256","3","30000","SPINN","22500","32","3","10","354.53300976753235","0.000020900677554891445","423.0917738755981","0.0834523654948848","0.07820535451173782"
"avid-sweep-91","","finished","-","","","2025-09-30T22:30:16.000Z","368","hnu0e21f","tanh","true","","modified-mlp","150**2","256","3","30000","SPINN","22500","32","2","10","359.6082673072815","0.00003865057078655809","417.1205548837579","0.21257149463073224","0.05250842496752739"
"expert-sweep-90","","finished","-","","","2025-09-30T22:24:01.000Z","372","hnu0e21f","tanh","true","","modified-mlp","150**2","256","3","30000","SPINN","22500","32","1","10","364.71635150909424","0.000013840325664205013","411.27851652206425","0.04769018178020149","0.02120792865753174"
"treasured-sweep-89","","finished","-","","","2025-09-30T22:17:41.000Z","376","hnu0e21f","tanh","true","","modified-mlp","150**2","256","3","30000","SPINN","22500","32","0","10","368.67985224723816","0.00002753671105892863","406.8570579208365","0.24682471517448745","0.1356884241104126"
"classic-sweep-88","","finished","-","","","2025-09-30T22:13:19.000Z","260","hnu0e21f","tanh","true","","modified-mlp","150**2","256","3","20000","SPINN","22500","64","3","10","252.26425957679749","0.000019637589502963237","396.40970214235494","0.12004602207594682","0.027305128052830696"
"northern-sweep-87","","finished","-","","","2025-09-30T22:09:07.000Z","248","hnu0e21f","tanh","true","","modified-mlp","150**2","256","3","20000","SPINN","22500","64","2","10","239.60625219345093","0.00004766745769302361","417.3513799600813","0.13724024860377004","0.045860495418310165"
"morning-sweep-86","","finished","-","","","2025-09-30T22:04:50.000Z","256","hnu0e21f","tanh","true","","modified-mlp","150**2","256","3","20000","SPINN","22500","64","1","10","247.2630159854889","0.0000020096802018088056","404.4276480307459","0.0010456403857571762","0.001224328763782978"
"soft-sweep-85","","finished","-","","","2025-09-30T22:00:29.000Z","260","hnu0e21f","tanh","true","","modified-mlp","150**2","256","3","20000","SPINN","22500","64","0","10","252.16528129577637","0.00001579280069563538","396.5652983080782","0.04220063086093647","0.01789962500333786"
"robust-sweep-84","","finished","-","","","2025-09-30T21:56:07.000Z","258","hnu0e21f","tanh","true","","modified-mlp","150**2","256","3","20000","SPINN","22500","32","3","10","250.6377878189087","0.00003570462286006659","398.9821362142416","0.10976989757221696","0.07581668347120285"
"trim-sweep-83","","finished","-","","","2025-09-30T21:51:44.000Z","261","hnu0e21f","tanh","true","","modified-mlp","150**2","256","3","20000","SPINN","22500","32","2","10","252.6467649936676","0.000014747031855222303","395.8095406545436","0.07413791666056165","0.013142268173396587"
"northern-sweep-82","","finished","-","","","2025-09-30T21:47:17.000Z","264","hnu0e21f","tanh","true","","modified-mlp","150**2","256","3","20000","SPINN","22500","32","1","10","255.65846753120425","0.000044108233851147816","391.1468333736866","0.1319740479658495","0.06782074272632599"
"solar-sweep-81","","finished","-","","","2025-09-30T21:42:50.000Z","263","hnu0e21f","tanh","true","","modified-mlp","150**2","256","3","20000","SPINN","22500","32","0","10","254.554235458374","0.00000215829572880466","392.8435911503523","0.0023124846948889112","0.0014500146498903632"
"comfy-sweep-80","","finished","-","","","2025-09-30T21:36:14.000Z","392","hnu0e21f","tanh","true","","modified-mlp","150**2","128","3","30000","SPINN","22500","64","3","10","383.7995746135712","0.0000067829887484549545","390.8289897169052","0.001672029848990093","0.004228818695992231"
"rare-sweep-79","","finished","-","","","2025-09-30T21:30:20.000Z","353","hnu0e21f","tanh","true","","modified-mlp","150**2","128","3","30000","SPINN","22500","64","2","10","345.053701877594","0.0000028700960683636367","434.71494200404703","0.07436010969978021","0.021025648340582848"
"ethereal-sweep-78","","finished","-","","","2025-09-30T21:24:44.000Z","331","hnu0e21f","tanh","true","","modified-mlp","150**2","128","3","30000","SPINN","22500","64","1","10","321.8698949813843","8.468513215120765e-7","466.0268087783588","0.0006308148023353399","0.0012200104538351295"
"gentle-sweep-77","","finished","-","","","2025-09-30T21:19:05.000Z","337","hnu0e21f","tanh","true","","modified-mlp","150**2","128","3","30000","SPINN","22500","64","0","10","328.5731484889984","0.0000014245802049117628","456.5193494654127","0.003779532241303989","0.0017573499353602529"
"sweet-sweep-76","","finished","-","","","2025-09-30T21:13:00.000Z","363","hnu0e21f","tanh","true","","modified-mlp","150**2","128","3","30000","SPINN","22500","32","3","10","355.12267446517944","0.000003708584699779749","422.3892496470479","0.005871424931995878","0.004511305131018162"
"splendid-sweep-75","","finished","-","","","2025-09-30T21:07:05.000Z","352","hnu0e21f","tanh","true","","modified-mlp","150**2","128","3","30000","SPINN","22500","32","2","10","343.2802586555481","0.0000013481562746164857","436.9607520906466","0.003626884139126337","0.002678429242223501"
"driven-sweep-74","","finished","-","","","2025-09-30T21:01:11.000Z","348","hnu0e21f","tanh","true","","modified-mlp","150**2","128","3","30000","SPINN","22500","32","1","10","340.01314091682434","0.000001016851342683367","441.15941988457945","0.0009343959795637154","0.0024091170635074377"
"classic-sweep-73","","finished","-","","","2025-09-30T20:55:36.000Z","333","hnu0e21f","tanh","true","","modified-mlp","150**2","128","3","30000","SPINN","22500","32","0","10","324.2656192779541","0.0000017638461713431752","462.5837309980832","0.0018677330408476893","0.0029677145648747683"
"tough-sweep-72","","finished","-","","","2025-09-30T20:51:45.000Z","228","hnu0e21f","tanh","true","","modified-mlp","150**2","128","3","20000","SPINN","22500","64","3","10","219.33146953582764","0.0000015031423572509084","455.9309259707717","0.0011566346928826386","0.001008517574518919"
"lilac-sweep-71","","finished","-","","","2025-09-30T20:47:38.000Z","244","hnu0e21f","tanh","true","","modified-mlp","150**2","128","3","20000","SPINN","22500","64","2","10","234.81078815460205","0.00003197361729689874","425.8748108888374","0.03026722312526845","0.005202062893658876"
"valiant-sweep-70","","finished","-","","","2025-09-30T20:43:26.000Z","247","hnu0e21f","tanh","true","","modified-mlp","150**2","128","3","20000","SPINN","22500","64","1","10","239.15767192840576","0.000001012082634588296","418.13419236634815","0.0003998403054001813","0.0010030370904132724"
"major-sweep-69","","finished","-","","","2025-09-30T20:39:20.000Z","241","hnu0e21f","tanh","true","","modified-mlp","150**2","128","3","20000","SPINN","22500","64","0","10","232.55494618415833","0.0000034158686048613163","430.0059045865696","0.0016347670701845577","0.001961957663297653"
"rare-sweep-68","","finished","-","","","2025-09-30T20:35:08.000Z","249","hnu0e21f","tanh","true","","modified-mlp","150**2","128","3","20000","SPINN","22500","32","3","10","241.634578704834","0.000008011455975065473","413.8480532711913","0.010246774779413662","0.004017458762973547"
"efficient-sweep-67","","finished","-","","","2025-09-30T20:31:01.000Z","242","hnu0e21f","tanh","true","","modified-mlp","150**2","128","3","20000","SPINN","22500","32","2","10","234.2105009555817","0.000024782393666100688","426.96633836654973","0.01895118833758369","0.004356652032583952"
"frosty-sweep-66","","finished","-","","","2025-09-30T20:26:49.000Z","251","hnu0e21f","tanh","true","","modified-mlp","150**2","128","3","20000","SPINN","22500","32","1","10","242.20060324668884","0.000002419050133539713","412.88088741111386","0.0009601672074854004","0.001398640451952815"
"worthy-sweep-65","","finished","-","","","2025-09-30T20:22:48.000Z","238","hnu0e21f","tanh","true","","modified-mlp","150**2","128","3","20000","SPINN","22500","32","0","10","229.7331509590149","0.000002180136334573035","435.28763516520223","0.0016292895101446493","0.0013123664539307356"
"wise-sweep-64","","finished","-","","","2025-09-30T20:18:36.000Z","248","hnu0e21f","tanh","true","","mlp","200**2","256","3","30000","SPINN","22500","64","3","10","240.97203087806705","0.0000013404913943304564","622.4788804469208","0.003347105796218941","0.001210485235787928"
"twilight-sweep-63","","finished","-","","","2025-09-30T20:14:08.000Z","266","hnu0e21f","tanh","true","","mlp","200**2","256","3","30000","SPINN","22500","64","2","10","258.36677742004395","0.0000025247536541428417","580.570000128674","0.001547522210045262","0.0013810453237965703"
"fresh-sweep-62","","finished","-","","","2025-09-30T20:10:07.000Z","237","hnu0e21f","tanh","true","","mlp","200**2","256","3","30000","SPINN","22500","64","1","10","229.1750214099884","0.0000019799676920229103","654.5215926113245","0.002948515146865866","0.0013770346995443106"
"revived-sweep-61","","finished","-","","","2025-09-30T20:06:05.000Z","240","hnu0e21f","tanh","true","","mlp","200**2","256","3","30000","SPINN","22500","64","0","10","231.5742256641388","0.0000017693462268653093","647.7404796229391","0.002677381755908669","0.0011099909897893667"
"likely-sweep-60","","finished","-","","","2025-09-30T20:02:03.000Z","240","hnu0e21f","tanh","true","","mlp","200**2","256","3","30000","SPINN","22500","32","3","10","232.53962326049805","0.000003199821321686614","645.0513589762094","0.001695519343066571","0.0014953733189031482"
"astral-sweep-59","","finished","-","","","2025-09-30T19:57:41.000Z","257","hnu0e21f","tanh","true","","mlp","200**2","256","3","30000","SPINN","22500","32","2","10","250.00448274612427","0.0000027015182695322437","599.9892416022104","0.0027971044755350167","0.0016560791991651058"
"fresh-sweep-58","","finished","-","","","2025-09-30T19:53:40.000Z","237","hnu0e21f","tanh","true","","mlp","200**2","256","3","30000","SPINN","22500","32","1","10","229.83774709701535","0.0000020588970528478967","652.6343122249821","0.0029054474497508336","0.001183304120786488"
"snowy-sweep-57","","finished","-","","","2025-09-30T19:49:38.000Z","236","hnu0e21f","tanh","true","","mlp","200**2","256","3","30000","SPINN","22500","32","0","10","228.23779106140137","0.0000022036874725017697","657.2093048326359","0.00303063132363479","0.0013448875397443771"
"elated-sweep-56","","finished","-","","","2025-09-30T19:46:49.000Z","164","hnu0e21f","tanh","true","","mlp","200**2","256","3","20000","SPINN","22500","64","3","10","156.9489667415619","0.0000029418572466966","637.1497823535454","0.004811159375489821","0.0013617253862321377"
"vocal-sweep-55","","finished","-","","","2025-09-30T19:43:38.000Z","186","hnu0e21f","tanh","true","","mlp","200**2","256","3","20000","SPINN","22500","64","2","10","178.55421042442322","0.0000036590536183211952","560.0540013159033","0.006115475534507086","0.0016894424334168434"
"brisk-sweep-54","","finished","-","","","2025-09-30T19:40:28.000Z","185","hnu0e21f","tanh","true","","mlp","200**2","256","3","20000","SPINN","22500","64","1","10","177.65157222747803","0.000004577204890665598","562.8996059317319","0.00685629029005986","0.0016534816240891814"
"solar-sweep-53","","finished","-","","","2025-09-30T19:37:34.000Z","172","hnu0e21f","tanh","true","","mlp","200**2","256","3","20000","SPINN","22500","64","0","10","164.80463933944702","0.00000394408380088862","606.7790348670384","0.011875221523166337","0.0016016135923564434"
"winter-sweep-52","","finished","-","","","2025-09-30T19:34:29.000Z","183","hnu0e21f","tanh","true","","mlp","200**2","256","3","20000","SPINN","22500","32","3","10","176.27182698249817","0.0000027738763037632452","567.3056308080864","0.0027640065341496055","0.0015128626255318522"
"smooth-sweep-51","","finished","-","","","2025-09-30T19:31:24.000Z","183","hnu0e21f","tanh","true","","mlp","200**2","256","3","20000","SPINN","22500","32","2","10","176.08306670188904","0.000005021652668801835","567.9137799735242","0.00355676059444394","0.0018361465772613883"
"dulcet-sweep-50","","finished","-","","","2025-09-30T19:28:13.000Z","188","hnu0e21f","tanh","true","","mlp","200**2","256","3","20000","SPINN","22500","32","1","10","180.53382968902588","0.000003588182380553917","553.9128049975594","0.005432241291108117","0.0015594421420246365"
"vivid-sweep-49","","finished","-","","","2025-09-30T19:25:08.000Z","179","hnu0e21f","tanh","true","","mlp","200**2","256","3","20000","SPINN","22500","32","0","10","171.38896369934082","0.000002549531700424268","583.4681407807859","0.00278763540046499","0.0013522057561203835"
"pious-sweep-48","","finished","-","","","2025-09-30T19:20:30.000Z","273","hnu0e21f","tanh","true","","mlp","200**2","128","3","30000","SPINN","22500","64","3","10","264.7530038356781","0.000002785693368423381","566.5658097428015","0.005933551816794662","0.0014755375450477004"
"breezy-sweep-47","","finished","-","","","2025-09-30T19:16:34.000Z","234","hnu0e21f","tanh","true","","mlp","200**2","128","3","30000","SPINN","22500","64","2","10","226.77999830245972","0.00000132105992634024","661.4339938390107","0.001044406475272238","0.000941939710173756"
"royal-sweep-46","","finished","-","","","2025-09-30T19:12:22.000Z","246","hnu0e21f","tanh","true","","mlp","200**2","128","3","30000","SPINN","22500","64","1","10","238.2740340232849","0.0000013129667877365137","629.5272609744019","0.00040645073291650904","0.0011666616192087531"
"sage-sweep-45","","finished","-","","","2025-09-30T19:08:16.000Z","243","hnu0e21f","tanh","true","","mlp","200**2","128","3","30000","SPINN","22500","64","0","10","236.03787422180176","0.0000021239138732198626","635.4912341696779","0.004087333887420605","0.0012727759312838316"
"zesty-sweep-44","","finished","-","","","2025-09-30T19:04:24.000Z","226","hnu0e21f","tanh","true","","mlp","200**2","128","3","30000","SPINN","22500","32","3","10","219.2059245109558","0.0000024243004190793727","684.288074488165","0.0042382315910609696","0.0012215969618409872"
"solar-sweep-43","","finished","-","","","2025-09-30T18:59:31.000Z","289","hnu0e21f","tanh","true","","mlp","200**2","128","3","30000","SPINN","22500","32","2","10","281.14072823524475","0.000003385440550118801","533.5406255136658","0.006543571200116795","0.0015028847847133877"
"super-sweep-42","","finished","-","","","2025-09-30T18:54:54.000Z","274","hnu0e21f","tanh","true","","mlp","200**2","128","3","30000","SPINN","22500","32","1","10","266.5425922870636","0.00000258265140473668","562.761841223678","0.0024587081976797714","0.0014607347548007963"
"playful-sweep-41","","finished","-","","","2025-09-30T18:50:37.000Z","255","hnu0e21f","tanh","true","","mlp","200**2","128","3","30000","SPINN","22500","32","0","10","248.77386355400083","0.0000031378594940179028","602.9572313469329","0.004200362825776992","0.0013429074315354228"
"swept-sweep-40","","finished","-","","","2025-09-30T18:47:21.000Z","194","hnu0e21f","tanh","true","","mlp","200**2","128","3","20000","SPINN","22500","64","3","10","186.28095388412476","0.00000318595334647398","536.8235341021743","0.00468199597337962","0.0014536111848428843"
"pleasant-sweep-39","","finished","-","","","2025-09-30T18:44:01.000Z","195","hnu0e21f","tanh","true","","mlp","200**2","128","3","20000","SPINN","22500","64","2","10","188.2626585960388","0.0000037462968975887634","531.1727813988497","0.007412953020734481","0.0014943797141313553"
"dazzling-sweep-38","","finished","-","","","2025-09-30T18:40:35.000Z","200","hnu0e21f","tanh","true","","mlp","200**2","128","3","20000","SPINN","22500","64","1","10","192.16613459587097","0.000004749038907903014","520.383054018867","0.008479496967939707","0.0017055744538083673"
"twilight-sweep-37","","finished","-","","","2025-09-30T18:37:35.000Z","179","hnu0e21f","tanh","true","","mlp","200**2","128","3","20000","SPINN","22500","64","0","10","170.99734687805176","0.000005855872132087825","584.8043950723743","0.012495745479669447","0.0018239144701510668"
"sandy-sweep-36","","finished","-","","","2025-09-30T18:34:05.000Z","206","hnu0e21f","tanh","true","","mlp","200**2","128","3","20000","SPINN","22500","32","3","10","199.15329933166504","0.000005145611794432625","502.1257510449899","0.007714329300183677","0.0018130745738744736"
"summer-sweep-35","","finished","-","","","2025-09-30T18:30:49.000Z","190","hnu0e21f","tanh","true","","mlp","200**2","128","3","20000","SPINN","22500","32","2","10","182.8626263141632","0.000007995072337507736","546.8586009926224","0.007860128972601263","0.002215213840827346"
"fancy-sweep-34","","finished","-","","","2025-09-30T18:27:44.000Z","182","hnu0e21f","tanh","true","","mlp","200**2","128","3","20000","SPINN","22500","32","1","10","174.87065529823303","0.00000412948338635033","571.8512338702859","0.006758999476947378","0.0015563025372102857"
"major-sweep-33","","finished","-","","","2025-09-30T18:24:34.000Z","184","hnu0e21f","tanh","true","","mlp","200**2","128","3","20000","SPINN","22500","32","0","10","176.57730984687805","0.0000035602774914877955","566.3241788354159","0.003753600460682262","0.0016078962944447994"
"electric-sweep-32","","finished","-","","","2025-09-30T18:20:07.000Z","265","hnu0e21f","tanh","true","","mlp","150**2","256","3","30000","SPINN","22500","64","3","10","258.4211413860321","0.000001819595354390913","580.4478658188747","0.0013248744738633812","0.001325842342339456"
"tough-sweep-31","","finished","-","","","2025-09-30T18:15:39.000Z","265","hnu0e21f","tanh","true","","mlp","150**2","256","3","30000","SPINN","22500","64","2","10","257.0950999259949","0.0000018019680965153384","583.4416915887455","0.0027333029863446136","0.0013142647221684456"
"frosty-sweep-30","","finished","-","","","2025-09-30T18:11:22.000Z","252","hnu0e21f","tanh","true","","mlp","150**2","256","3","30000","SPINN","22500","64","1","10","244.0950338840485","0.0000015234667216645903","614.5147552295306","0.003051625065507831","0.001058484078384936"
"clean-sweep-29","","finished","-","","","2025-09-30T18:06:40.000Z","280","hnu0e21f","tanh","true","","mlp","150**2","256","3","30000","SPINN","22500","64","0","10","272.7369532585144","0.00000168966005276161","549.9804782882579","0.0032880952906890375","0.0011309245601296425"
"sleek-sweep-28","","finished","-","","","2025-09-30T18:01:57.000Z","281","hnu0e21f","tanh","true","","mlp","150**2","256","3","30000","SPINN","22500","32","3","10","273.63332748413086","0.000002704686039578519","548.1788398333866","0.007632423159524856","0.001468682079575956"
"bumbling-sweep-27","","finished","-","","","2025-09-30T17:57:24.000Z","271","hnu0e21f","tanh","true","","mlp","150**2","256","3","30000","SPINN","22500","32","2","10","262.9397437572479","0.000002320091880392283","570.472907049318","0.0019167217968949057","0.001269450644031167"
"fanciful-sweep-26","","finished","-","","","2025-09-30T17:53:02.000Z","259","hnu0e21f","tanh","true","","mlp","150**2","256","3","30000","SPINN","22500","32","1","10","251.3463487625122","0.0000025443127924518194","596.7860712459739","0.006788649852995728","0.001500247628428042"
"trim-sweep-25","","finished","-","","","2025-09-30T17:48:24.000Z","273","hnu0e21f","tanh","true","","mlp","150**2","256","3","30000","SPINN","22500","32","0","10","265.4183175563812","0.0000023058335045789136","565.1456213760996","0.004363484572521673","0.001532325288280845"
"summer-sweep-24","","finished","-","","","2025-09-30T17:45:29.000Z","171","hnu0e21f","tanh","true","","mlp","150**2","256","3","20000","SPINN","22500","64","3","10","163.15945076942444","0.0000026936957056022948","612.8973806201343","0.005722735198883758","0.0015617820899933577"
"zany-sweep-23","","finished","-","","","2025-09-30T17:42:08.000Z","197","hnu0e21f","tanh","true","","mlp","150**2","256","3","20000","SPINN","22500","64","2","10","189.31141543388367","0.0000031939430300553795","528.230163885308","0.004423124713619447","0.0017045524436980486"
"electric-sweep-22","","finished","-","","","2025-09-30T17:39:08.000Z","178","hnu0e21f","tanh","true","","mlp","150**2","256","3","20000","SPINN","22500","64","1","10","170.68302202224731","0.0000023845348096074304","585.8813537234284","0.003830543614710361","0.0013028885005041957"
"valiant-sweep-21","","finished","-","","","2025-09-30T17:36:03.000Z","181","hnu0e21f","tanh","true","","mlp","150**2","256","3","20000","SPINN","22500","64","0","10","173.087867975235","0.000002838521595549537","577.741243044878","0.0033393322486063794","0.0013916706666350365"
"sweet-sweep-20","","finished","-","","","2025-09-30T17:32:43.000Z","194","hnu0e21f","tanh","true","","mlp","150**2","256","3","20000","SPINN","22500","32","3","10","187.00985765457153","0.000004427919066074537","534.7311700793408","0.008525718343414597","0.0016622222028672695"
"dazzling-sweep-19","","finished","-","","","2025-09-30T17:29:18.000Z","194","hnu0e21f","tanh","true","","mlp","150**2","256","3","20000","SPINN","22500","32","2","10","187.68438172340393","0.000004301422904973151","532.8093849991897","0.006312065498124984","0.0017728969687595963"
"youthful-sweep-18","","finished","-","","","2025-09-30T17:25:52.000Z","203","hnu0e21f","tanh","true","","mlp","150**2","256","3","20000","SPINN","22500","32","1","10","195.74145340919495","0.0000034202541883132653","510.8779885829871","0.0048005110421137","0.0015581307234242558"
"giddy-sweep-17","","finished","-","","","2025-09-30T17:22:37.000Z","191","hnu0e21f","tanh","true","","mlp","150**2","256","3","20000","SPINN","22500","32","0","10","183.89876699447632","0.0000029175610052334378","543.777436000991","0.0034698402590327736","0.0017067702719941735"
"firm-sweep-16","","finished","-","","","2025-09-30T17:17:23.000Z","313","hnu0e21f","tanh","true","","mlp","150**2","128","3","30000","SPINN","22500","64","3","10","305.2691237926483","0.000002552784508225159","491.3697072812589","0.004858807027213491","0.0013339429860934615"
"hardy-sweep-15","","finished","-","","","2025-09-30T17:13:01.000Z","258","hnu0e21f","tanh","true","","mlp","150**2","128","3","30000","SPINN","22500","64","2","10","250.5294852256775","0.000002209686499554664","598.7319211743867","0.0033121326073179166","0.0015262876404449344"
"valiant-sweep-14","","finished","-","","","2025-09-30T17:08:59.000Z","240","hnu0e21f","tanh","true","","mlp","150**2","128","3","30000","SPINN","22500","64","1","10","232.84196662902832","0.0000021959976947982796","644.2137651198638","0.0030912698181641","0.001473753014579415"
"radiant-sweep-13","","finished","-","","","2025-09-30T17:04:32.000Z","265","hnu0e21f","tanh","true","","mlp","150**2","128","3","30000","SPINN","22500","64","0","10","258.1194107532501","0.0000017684230897430098","581.1263847312625","0.0030282831214849424","0.001300666481256485"
"polished-sweep-12","","finished","-","","","2025-09-30T16:59:44.000Z","282","hnu0e21f","tanh","true","","mlp","150**2","128","3","30000","SPINN","22500","32","3","10","274.75481820106506","0.000002470753997840802","545.941290428","0.0026244272950978528","0.0012615779414772987"
"swift-sweep-11","","finished","-","","","2025-09-30T16:55:11.000Z","268","hnu0e21f","tanh","true","","mlp","150**2","128","3","30000","SPINN","22500","32","2","10","261.170592546463","0.0000032819398256833665","574.3372503675527","0.0026148244043429293","0.0014604718890041113"
"earthy-sweep-10","","finished","-","","","2025-09-30T16:50:39.000Z","270","hnu0e21f","tanh","true","","mlp","150**2","128","3","30000","SPINN","22500","32","1","10","263.045040845871","0.0000025671038201835472","570.244546400292","0.004375883277007421","0.0013589061563834548"
"quiet-sweep-9","","finished","-","","","2025-09-30T16:45:05.000Z","329","hnu0e21f","tanh","true","","mlp","150**2","128","3","30000","SPINN","22500","32","0","10","321.99454283714294","0.0000034349970974290045","465.84640434687856","0.007525743487091612","0.001448149560019374"
"spring-sweep-8","","finished","-","","","2025-09-30T16:41:49.000Z","191","hnu0e21f","tanh","true","","mlp","150**2","128","3","20000","SPINN","22500","64","3","10","183.2172691822052","0.000005147589945408981","545.8000790337749","0.007231750765448413","0.001735995407216251"
"lyric-sweep-7","","finished","-","","","2025-09-30T16:39:04.000Z","160","hnu0e21f","tanh","true","","mlp","150**2","128","3","20000","SPINN","22500","64","2","10","152.47086453437805","0.0000040323325265489984","655.8630090108311","0.005826906185364804","0.0015688042622059584"
"vital-sweep-6","","finished","-","","","2025-09-30T16:36:14.000Z","168","hnu0e21f","tanh","true","","mlp","150**2","128","3","20000","SPINN","22500","64","1","10","159.67269229888916","0.0000024513578864571173","626.2811665554643","0.003861282550943615","0.0012396015226840973"
"helpful-sweep-5","","finished","-","","","2025-09-30T16:33:04.000Z","186","hnu0e21f","tanh","true","","mlp","150**2","128","3","20000","SPINN","22500","64","0","10","178.31786155700684","0.000003973797447542893","560.7963169075509","0.007125137810115756","0.0015382134588435292"
"pretty-sweep-4","","finished","-","","","2025-09-30T16:29:59.000Z","183","hnu0e21f","tanh","true","","mlp","150**2","128","3","20000","SPINN","22500","32","3","10","175.13991498947144","0.00000434660114478902","570.9720711353064","0.010686924674086216","0.0016111632576212287"
"kind-sweep-3","","finished","-","","","2025-09-30T16:27:04.000Z","170","hnu0e21f","tanh","true","","mlp","150**2","128","3","20000","SPINN","22500","32","2","10","162.65918397903442","0.000003336390818731161","614.7823784293008","0.007061053924013495","0.0014796631876379251"
"rural-sweep-2","","finished","-","","","2025-09-30T16:23:59.000Z","179","hnu0e21f","tanh","true","","mlp","150**2","128","3","20000","SPINN","22500","32","1","10","171.3521270751953","0.000003952055067202309","583.5935725275035","0.006689487159756992","0.0016299885464832189"
"wise-sweep-1","","finished","-","","","2025-09-30T16:20:54.000Z","182","hnu0e21f","tanh","true","","mlp","150**2","128","3","20000","SPINN","22500","32","0","10","175.19495606422424","0.0000056477692851331085","570.7926885939643","0.011914266433513863","0.0018194533186033368"